{
  "best_fitness": [
    -81.41011611365562,
    -66.80437744160241,
    -6.433134431176541,
    -94.72516952732433,
    -80.51552746610184,
    -94.71245951541162,
    -2.570284168527664,
    -66.74573725352252,
    -84.02025475151389,
    -48.33541784320206,
    -35.217680009463365,
    -28.569797605034026,
    -56.60190558310837,
    -67.60228358947637,
    -27.121485650276554,
    -19.568088260427704,
    -91.7727110754859,
    -76.64536514334078,
    -53.59381962037898,
    -76.89945665429995,
    -48.07608631435602,
    -70.15450415010137,
    -32.618489172251124,
    -63.834954027357504,
    -81.79652800919145,
    -76.61889679056331,
    -77.93049909550466,
    -71.92245811761195,
    -49.56580634436483,
    -75.44143435018775,
    -68.26728766147345,
    -35.55695557135794,
    -69.34236081457675,
    -74.09216348217863,
    -80.24848879785547,
    -86.68383759261378,
    -61.84259572563551,
    -38.77801436666252,
    -80.34872373450277,
    -77.3918952630953,
    -79.29618739332864,
    -54.96881371393431,
    -91.46061262155854,
    -98.733007174097,
    -82.11317491972424,
    -78.80979712635876,
    -77.32013165481523,
    -75.77087091704136,
    -85.07948980452294,
    -82.94241760832311,
    -44.06724663914028,
    -62.59966357067347,
    -58.83028628532137,
    -42.62037726394681,
    -34.91593802924316,
    -89.65424224573239,
    -55.745171914438345,
    -65.2073652812292,
    -88.67619533684625,
    -68.1792325160435,
    -87.13692462600572,
    -80.8037477485312,
    -12.304814679559792,
    -26.33897618877772,
    -60.674768686201354,
    -46.71256251308725,
    -33.9511458122077,
    -25.445986311471007,
    13.103117206802173,
    57.46668593119866,
    22.696738865914565,
    15.20640014423959,
    -29.30458807417926,
    -23.138451823774687,
    -38.93648186558733,
    -19.59619751711838,
    -7.206198691985942,
    -44.93200451591256,
    -5.7201789465588035,
    29.298382334794454,
    -28.16986612411071,
    73.07951124489357,
    -2.8241183785902515,
    79.84599326851286,
    -3.7195834271281094,
    -15.13754646476798,
    22.28044227255567,
    10.285387268245723,
    45.21408011484561,
    13.024496324202318,
    21.315777670942925,
    11.53651046333277,
    -25.10068142016245,
    21.24333603508246,
    62.92540933349915,
    -15.087900340997066,
    -8.310657146089497,
    -1.1765650943903694,
    -13.081015041087866,
    127.18909516524998
  ],
  "mean_fitness": [
    -482.0507166874279,
    -360.5289560838484,
    -262.350301343297,
    -309.9421135220739,
    -270.0821997823495,
    -286.33586766697454,
    -233.11042784950513,
    -288.43059239249374,
    -247.87259499751656,
    -209.23407695968115,
    -216.86314177200487,
    -199.1568711012787,
    -242.9270879800401,
    -209.12684344992493,
    -186.4035444195212,
    -234.37500255679097,
    -208.12041695286138,
    -265.53353821388095,
    -204.64463769804547,
    -233.34923063863963,
    -182.27296867763224,
    -201.62078470909938,
    -175.64011275315494,
    -165.37844671817095,
    -145.9784262425691,
    -177.966439117984,
    -156.8092853549821,
    -167.81205138569985,
    -202.52798828129613,
    -157.3462595280509,
    -137.74178387786478,
    -132.9500884570908,
    -147.50903496715944,
    -133.0513087714758,
    -144.43604125610736,
    -156.45700277435606,
    -132.52920170877752,
    -143.69981697523838,
    -150.25981741243942,
    -159.17476549050158,
    -152.36143825497226,
    -170.23574877331637,
    -147.10696973610914,
    -153.58484953849182,
    -134.654533128174,
    -141.0266174795661,
    -136.35740679591083,
    -179.4651936388273,
    -151.08449897592413,
    -143.12430705469455,
    -126.81424068531418,
    -130.02875028255886,
    -160.31258359699197,
    -134.05340882690706,
    -131.8495571303544,
    -140.5535344081107,
    -128.8349358805746,
    -132.05006287198498,
    -131.1165289698336,
    -132.2865109111112,
    -133.93873865888247,
    -133.42973945640247,
    -128.0863907138704,
    -134.09857399900937,
    -155.70374572241133,
    -133.1627702006994,
    -138.71325215906327,
    -142.93190913766958,
    -134.3850235077846,
    -138.8154311258688,
    -166.5947166861255,
    -153.7136396389153,
    -144.71087876233858,
    -118.95727447276984,
    -118.42351587056268,
    -117.54043001407211,
    -124.70066916078895,
    -143.55863938948374,
    -146.4350386836002,
    -114.9713652242784,
    -137.40988633961493,
    -108.6192115838467,
    -108.94303461743692,
    -116.99599805984937,
    -147.69044934996225,
    -131.32111260172977,
    -112.91834321242726,
    -100.52687656483705,
    -97.75545408147133,
    -125.47748236109776,
    -114.89116932975939,
    -112.76795298542434,
    -126.09473928086865,
    -105.19879045716507,
    -105.99554599058405,
    -95.76543891385367,
    -108.80072652646041,
    -104.72156847633336,
    -103.80689259774135,
    -95.00375046562203
  ],
  "std_fitness": [
    295.8736644678338,
    286.0368290515445,
    203.0809822806391,
    224.99968337614473,
    188.04741368161487,
    285.3250424784743,
    179.40801781048705,
    230.9228180236218,
    163.9348307664724,
    171.74958789822634,
    160.22766354328454,
    177.91682348949962,
    163.19260045963756,
    154.1375909553353,
    128.71317339652902,
    221.6109385078378,
    141.63222434835558,
    227.44573991684882,
    163.8014045607754,
    212.03312982773278,
    124.83019507148616,
    244.41170645560388,
    99.09348310777607,
    107.80825702121051,
    50.49928530649501,
    120.11573702477162,
    90.26501969473014,
    139.8794828184068,
    347.2578764306728,
    82.01151495448586,
    35.487119363344775,
    47.71141705130598,
    81.90971429353768,
    26.042285999315773,
    48.02726126881816,
    88.7135090404781,
    45.79060913169344,
    47.99914306335222,
    79.9126270471537,
    146.74073775743778,
    94.71112157675833,
    141.73298827017658,
    42.464992472101045,
    94.02282756072674,
    25.0733800069588,
    45.00628721163975,
    25.246130192865223,
    221.2880350266664,
    131.408712947016,
    50.92649940842397,
    26.001452248471,
    24.881849880853245,
    112.77110512039236,
    39.73519152613915,
    37.57360905504197,
    47.5554588376711,
    28.33152398423692,
    27.019292742415303,
    19.524533207627716,
    21.958422977967505,
    22.94461179324432,
    27.57072163460447,
    33.72644888177146,
    30.96494504237668,
    114.46109227931932,
    33.81911742238591,
    36.99545822828956,
    68.14429454581892,
    68.02109470342609,
    90.61266073859859,
    145.75771372151203,
    93.4239918944661,
    97.38655909009817,
    72.99228224046459,
    47.433973182039416,
    58.72360930204054,
    86.86557288745566,
    66.50229520499553,
    76.70822899567838,
    58.10685875252768,
    71.15758402246978,
    74.74693208182038,
    54.49095872650419,
    66.93124871918954,
    95.303544608928,
    68.2792269410156,
    76.21756233615773,
    47.227632170252704,
    55.19296247251423,
    69.7490396872244,
    64.16786397542347,
    72.45139016437858,
    62.46593248058245,
    58.53675755430897,
    71.81394654209886,
    49.5894178125147,
    73.99835877334559,
    52.44414324418558,
    53.13219319499324,
    67.81326819704842
  ],