{
  "best_fitness": [
    -92.47726657345419,
    -63.2905035245238,
    -59.60990992988775
  ],
  "mean_fitness": [
    -463.4999095022964,
    -345.872502529343,
    -332.45711213308823
  ],
  "std_fitness": [
    241.03062733403797,
    226.0641697611036,
    255.81371255385181
  ],
  "worst_fitness": [
    -1150.1590816024793,
    -898.5611034954165,
    -1145.423559936477
  ],
  "generation": [
    0,
    1,
    2
  ]
}