{
  "best_fitness": [
    -104.57646186025379,
    -113.90157568872297
  ],
  "mean_fitness": [
    -552.4115420241592,
    -428.4947250775296
  ],
  "std_fitness": [
    273.5375561754036,
    283.93079299065533
  ],
  "worst_fitness": [
    -1378.2937191610793,
    -1369.1969175686081
  ],
  "generation": [
    0,
    1
  ]
}